{
  "Description": {
    "Id": "starsystemdef_Aurigae",
    "Name": "Aurigae",
    "Details": "SURVEY DATA INCOMPLETE",
    "Icon": ""
  },
  "Position": {
    "x": 868.618,
    "y": -1226.974,
    "z": 0
  },
  "Tags": {
    "items": [
      "planet_name_aurigae",
      "planet_size_small",
      "planet_climate_desert",
      "planet_pop_none",
      "planet_civ_primitive",
      "planet_other_alienvegetation",
      "planet_faction_nofaction",
      "planet_other_empty"
    ],
    "tagSetSourceFile": ""
  },
  "SupportedBiomes": [
    "desertParched"
  ],
  "MapRequiredTags": {
    "items": [],
    "tagSetSourceFile": ""
  },
  "MapExcludedTags": {
    "items": [],
    "tagSetSourceFile": ""
  },
  "FuelingStation": false,
  "JumpDistance": 8,
  "Owner": "NoFaction",
  "ShopRefreshRate": 0,
  "ShopMaxInventory": 0,
  "ShopMaxSpecials": 9,
  "SystemInfluence": [
    {
      "Faction": "NoFaction",
      "Influence": 0
    },
    {
      "Faction": "Davion",
      "Influence": 0
    },
    {
      "Faction": "Liao",
      "Influence": 0
    },
    {
      "Faction": "Kurita",
      "Influence": 0
    },
    {
      "Faction": "Marik",
      "Influence": 0
    },
    {
      "Faction": "Steiner",
      "Influence": 0
    },
    {
      "Faction": "TaurianConcordat",
      "Influence": 0
    },
    {
      "Faction": "MagistracyOfCanopus",
      "Influence": 0
    },
    {
      "Faction": "AuriganDirectorate",
      "Influence": 0
    },
    {
      "Faction": "AuriganRestoration",
      "Influence": 0
    },
    {
      "Faction": "ComStar",
      "Influence": 0
    },
    {
      "Faction": "MercenaryReviewBoard",
      "Influence": 0
    },
    {
      "Faction": "AuriganPirates",
      "Influence": 0
    },
    {
      "Faction": "AuriganMercenaries",
      "Influence": 0
    }
  ],
  "TravelRequirements": [
    {
      "Scope": "Company",
      "RequirementTags": {
        "items": [
          "map_travel_2a"
        ],
        "tagSetSourceFile": ""
      },
      "ExclusionTags": {
        "items": [],
        "tagSetSourceFile": ""
      },
      "RequirementComparisons": []
    }
  ],
  "StarPosition": null,
  "StarType": "B",
  "Depletable": false,
  "UseSystemRoninHiringChance": false,
  "RoninHiringChance": 0,
  "UseMaxContractOverride": false,
  "MaxContractOverride": 0,
  "SystemShopItems": [
    "itemCollection_major_TaurianConcordat",
    "itemCollection_shop_industrial",
    "itemCollection_shop_research"
  ],
  "FactionShopOwner": "TaurianConcordat",
  "FactionShopItems": [
    "itemCollection_faction_TaurianConcordat"
  ],
  "BlackMarketShopItems": null,
  "CoreSystemID": "starsystemdef_Aurigae",
  "StartingSystemModes": [
    "KAMEA_CAMPAIGN",
    "CAREER",
    "NONE"
  ],
  "DefaultDifficulty": 9,
  "DifficultyList": [],
  "DifficultyModes": [],
  "ContractEmployers": [],
  "ContractTargets": [
    "Steiner",
    "Marik",
    "Kurita",
    "Davion",
    "Liao",
    "AuriganRestoration",
    "ComStar",
    "MagistracyOfCanopus",
    "TaurianConcordat",
    "Outworld",
    "Marian",
    "Oberon",
    "Lothian",
    "Circinus",
    "Illyrian",
    "Rasalhague",
    "Ives",
    "Axumite",
    "Castile",
    "Chainelane",
    "ClanBurrock",
    "ClanCloudCobra",
    "ClanCoyote",
    "ClanDiamondShark",
    "ClanFireMandrill",
    "ClanGhostBear",
    "ClanGoliathScorpion",
    "ClanHellsHorses",
    "ClanIceHellion",
    "ClanJadeFalcon",
    "ClanNovaCat",
    "ClansGeneric",
    "ClanSmokeJaguar",
    "ClanSnowRaven",
    "ClanStarAdder",
    "ClanSteelViper",
    "ClanWolf",
    "Delphi",
    "Elysia",
    "Hanse",
    "JarnFolk",
    "Tortuga",
    "Valkyrate",
    "NoFaction",
    "Locals",
    "AuriganDirectorate",
    "AuriganPirates"
  ]
}