{
  "Description": {
    "Id": "starsystemdef_Cajamarca",
    "Name": "Cajamarca",
    "Details": "Cajamarca is an anomoly - A smallish planet with a high gravity, thanks to it's abundant reserves of heavy metals.  As a result mining operations are plentiful, in spite of it's hostile environment.",
    "Icon": ""
  },
  "Position": {
    "x": -243.235,
    "y": -162.892,
    "z": 0
  },
  "Tags": {
    "items": [
      "planet_name_cajamarca",
      "planet_size_large",
      "planet_climate_mars",
      "planet_other_volcanic",
      "planet_other_storms",
      "planet_other_taintedair",
      "planet_feature_moon03",
      "planet_other_moon",
      "planet_pop_medium",
      "planet_other_megacity",
      "planet_civ_innersphere",
      "planet_industry_rich",
      "planet_industry_mining",
      "planet_faction_marik"
    ],
    "tagSetSourceFile": ""
  },
  "SupportedBiomes": [
    "martianVacuum",
    "badlandsParched",
    "urbanHighTech"
  ],
  "MapRequiredTags": {
    "items": [],
    "tagSetSourceFile": ""
  },
  "MapExcludedTags": {
    "items": [],
    "tagSetSourceFile": ""
  },
  "FuelingStation": false,
  "JumpDistance": 7,
  "Owner": "Marik",
  "ShopRefreshRate": 0,
  "ShopMaxInventory": 0,
  "ShopMaxSpecials": 9,
  "SystemInfluence": [
    {
      "Faction": "NoFaction",
      "Influence": 0
    },
    {
      "Faction": "Davion",
      "Influence": 0
    },
    {
      "Faction": "Liao",
      "Influence": 0
    },
    {
      "Faction": "Kurita",
      "Influence": 0
    },
    {
      "Faction": "Marik",
      "Influence": 0
    },
    {
      "Faction": "Steiner",
      "Influence": 0
    },
    {
      "Faction": "TaurianConcordat",
      "Influence": 0
    },
    {
      "Faction": "MagistracyOfCanopus",
      "Influence": 0
    },
    {
      "Faction": "AuriganDirectorate",
      "Influence": 0
    },
    {
      "Faction": "AuriganRestoration",
      "Influence": 0
    },
    {
      "Faction": "ComStar",
      "Influence": 0
    },
    {
      "Faction": "MercenaryReviewBoard",
      "Influence": 0
    },
    {
      "Faction": "AuriganPirates",
      "Influence": 0
    },
    {
      "Faction": "AuriganMercenaries",
      "Influence": 0
    }
  ],
  "TravelRequirements": [
    {
      "Scope": "Company",
      "RequirementTags": {
        "items": [
          "map_travel_2a"
        ],
        "tagSetSourceFile": ""
      },
      "ExclusionTags": {
        "items": [],
        "tagSetSourceFile": ""
      },
      "RequirementComparisons": []
    }
  ],
  "StarPosition": null,
  "StarType": "K",
  "Depletable": false,
  "UseSystemRoninHiringChance": false,
  "RoninHiringChance": 0,
  "UseMaxContractOverride": false,
  "MaxContractOverride": 0,
  "SystemShopItems": [
    "itemCollection_major_TaurianConcordat",
    "itemCollection_shop_industrial",
    "itemCollection_shop_research"
  ],
  "FactionShopOwner": "TaurianConcordat",
  "FactionShopItems": [
    "itemCollection_faction_TaurianConcordat"
  ],
  "BlackMarketShopItems": null,
  "CoreSystemID": "starsystemdef_Cajamarca",
  "StartingSystemModes": [
    "KAMEA_CAMPAIGN",
    "CAREER",
    "NONE"
  ],
  "DefaultDifficulty": 8,
  "DifficultyList": [],
  "DifficultyModes": [],
  "ContractEmployers": [
    "Marik",
    "Locals"
  ],
  "ContractTargets": [
    "Steiner",
    "Kurita",
    "Davion",
    "Liao",
    "AuriganRestoration",
    "ComStar",
    "MagistracyOfCanopus",
    "TaurianConcordat",
    "Outworld",
    "Marian",
    "Oberon",
    "Lothian",
    "Circinus",
    "Illyrian",
    "Rasalhague",
    "Ives",
    "Axumite",
    "Castile",
    "Chainelane",
    "ClanBurrock",
    "ClanCloudCobra",
    "ClanCoyote",
    "ClanDiamondShark",
    "ClanFireMandrill",
    "ClanGhostBear",
    "ClanGoliathScorpion",
    "ClanHellsHorses",
    "ClanIceHellion",
    "ClanJadeFalcon",
    "ClanNovaCat",
    "ClansGeneric",
    "ClanSmokeJaguar",
    "ClanSnowRaven",
    "ClanStarAdder",
    "ClanSteelViper",
    "ClanWolf",
    "Delphi",
    "Elysia",
    "Hanse",
    "JarnFolk",
    "Tortuga",
    "Valkyrate",
    "NoFaction",
    "Locals",
    "AuriganDirectorate",
    "AuriganPirates"
  ]
}