{
  "Description": {
    "Id": "starsystemdef_BadNews",
    "Name": "Bad News",
    "Details": "A moderately populated manufacturing and mining world, Bad News has been under Kurita Control for almost 500 years.  Currently home to the Nineteenth Galedon Regulars.",
    "Icon": ""
  },
  "Position": {
    "x": 422.117,
    "y": 195.368,
    "z": 0
  },
  "Tags": {
    "items": [
      "planet_name_badnews",
      "planet_size_medium",
      "planet_climate_lunar",
      "planet_feature_moon03",
      "planet_other_moon",
      "planet_pop_medium",
      "planet_industry_mining",
      "planet_industry_manufacturing",
      "planet_other_blackmarket",
      "planet_other_pirate",
      "planet_faction_kurita"
    ],
    "tagSetSourceFile": ""
  },
  "SupportedBiomes": [
    "desertParched",
    "badlandsParched"
  ],
  "MapRequiredTags": {
    "items": [],
    "tagSetSourceFile": ""
  },
  "MapExcludedTags": {
    "items": [],
    "tagSetSourceFile": ""
  },
  "FuelingStation": false,
  "JumpDistance": 7,
  "ownerID": "Kurita",
  "ShopRefreshRate": 0,
  "ShopMaxInventory": 0,
  "ShopMaxSpecials": 9,
  "SystemInfluence": [
    {
      "factionID": "NoFaction",
      "Influence": 0
    },
    {
      "factionID": "Davion",
      "Influence": 0
    },
    {
      "factionID": "Liao",
      "Influence": 0
    },
    {
      "factionID": "Kurita",
      "Influence": 0
    },
    {
      "factionID": "Marik",
      "Influence": 0
    },
    {
      "factionID": "Steiner",
      "Influence": 0
    },
    {
      "factionID": "TaurianConcordat",
      "Influence": 0
    },
    {
      "factionID": "MagistracyOfCanopus",
      "Influence": 0
    },
    {
      "factionID": "AuriganDirectorate",
      "Influence": 0
    },
    {
      "factionID": "AuriganRestoration",
      "Influence": 0
    },
    {
      "factionID": "ComStar",
      "Influence": 0
    },
    {
      "factionID": "MercenaryReviewBoard",
      "Influence": 0
    },
    {
      "factionID": "AuriganPirates",
      "Influence": 0
    },
    {
      "factionID": "AuriganMercenaries",
      "Influence": 0
    }
  ],
  "TravelRequirements": [
    {
      "Scope": "Company",
      "RequirementTags": {
        "items": [
          "map_travel_2a"
        ],
        "tagSetSourceFile": ""
      },
      "ExclusionTags": {
        "items": [],
        "tagSetSourceFile": ""
      },
      "RequirementComparisons": []
    }
  ],
  "StarPosition": null,
  "StarType": "M",
  "Depletable": false,
  "UseSystemRoninHiringChance": false,
  "RoninHiringChance": 0,
  "UseMaxContractOverride": false,
  "MaxContractOverride": 0,
  "SystemShopItems": [
    "itemCollection_major_TaurianConcordat",
    "itemCollection_shop_chemicalsProgression",
    "itemCollection_shop_miningProgression"
  ],
  "factionShopOwnerID": "Kurita",
  "FactionShopItems": [
    "itemCollection_faction_TaurianConcordat"
  ],
  "BlackMarketShopItems": null,
  "CoreSystemID": "starsystemdef_BadNews",
  "StartingSystemModes": [
    "KAMEA_CAMPAIGN",
    "CAREER",
    "NONE"
  ],
  "DefaultDifficulty": 8,
  "DifficultyList": [],
  "DifficultyModes": [],
  "contractEmployerIDs": [
    "Kurita",
    "Locals"
  ],
  "contractTargetIDs": [
    "Steiner",
    "Marik",
    "Davion",
    "Liao",
    "AuriganRestoration",
    "ComStar",
    "MagistracyOfCanopus",
    "TaurianConcordat",
    "Outworld",
    "Marian",
    "Oberon",
    "Lothian",
    "Circinus",
    "Illyrian",
    "Rasalhague",
    "Ives",
    "Axumite",
    "Castile",
    "Chainelane",
    "ClanBurrock",
    "ClanCloudCobra",
    "ClanCoyote",
    "ClanDiamondShark",
    "ClanFireMandrill",
    "ClanGhostBear",
    "ClanGoliathScorpion",
    "ClanHellsHorses",
    "ClanIceHellion",
    "ClanJadeFalcon",
    "ClanNovaCat",
    "ClansGeneric",
    "ClanSmokeJaguar",
    "ClanSnowRaven",
    "ClanStarAdder",
    "ClanSteelViper",
    "ClanWolf",
    "Delphi",
    "Elysia",
    "Hanse",
    "JarnFolk",
    "Tortuga",
    "Valkyrate",
    "NoFaction",
    "Locals",
    "AuriganDirectorate",
    "AuriganPirates",
    "WordOfBlake"
  ]
}