{
  "Description": {
    "Id": "starsystemdef_Anatolia(Pillory3130+)",
    "Name": "Anatolia (Pillory 3130+)",
    "Details": "Anatolia (Pillory 3130+) was settled during the Star League era at some point after the end of the Reunification War but died out during the fighting in the Succession Wars.",
    "Icon": ""
  },
  "Position": {
    "x": -432.787,
    "y": 276.444,
    "z": 0
  },
  "Tags": {
    "items": [
      "planet_name_anatolia(pillory3130+)",
      "planet_size_large",
      "planet_climate_mars",
      "planet_pop_none",
      "planet_civ_primitive",
      "planet_industry_poor",
      "planet_other_pirate",
      "planet_ruins",
      "planet_faction_nofaction",
      "planet_other_empty"
    ],
    "tagSetSourceFile": ""
  },
  "SupportedBiomes": [
    "martianVacuum",
    "badlandsParched"
  ],
  "MapRequiredTags": {
    "items": [],
    "tagSetSourceFile": ""
  },
  "MapExcludedTags": {
    "items": [],
    "tagSetSourceFile": ""
  },
  "FuelingStation": false,
  "JumpDistance": 7,
  "Owner": "NoFaction",
  "ShopRefreshRate": 0,
  "ShopMaxInventory": 0,
  "ShopMaxSpecials": 9,
  "SystemInfluence": [
    {
      "Faction": "NoFaction",
      "Influence": 0
    },
    {
      "Faction": "Davion",
      "Influence": 0
    },
    {
      "Faction": "Liao",
      "Influence": 0
    },
    {
      "Faction": "Kurita",
      "Influence": 0
    },
    {
      "Faction": "Marik",
      "Influence": 0
    },
    {
      "Faction": "Steiner",
      "Influence": 0
    },
    {
      "Faction": "TaurianConcordat",
      "Influence": 0
    },
    {
      "Faction": "MagistracyOfCanopus",
      "Influence": 0
    },
    {
      "Faction": "AuriganDirectorate",
      "Influence": 0
    },
    {
      "Faction": "AuriganRestoration",
      "Influence": 0
    },
    {
      "Faction": "ComStar",
      "Influence": 0
    },
    {
      "Faction": "MercenaryReviewBoard",
      "Influence": 0
    },
    {
      "Faction": "AuriganPirates",
      "Influence": 0
    },
    {
      "Faction": "AuriganMercenaries",
      "Influence": 0
    }
  ],
  "TravelRequirements": [
    {
      "Scope": "Company",
      "RequirementTags": {
        "items": [
          "map_travel_2a"
        ],
        "tagSetSourceFile": ""
      },
      "ExclusionTags": {
        "items": [],
        "tagSetSourceFile": ""
      },
      "RequirementComparisons": []
    }
  ],
  "StarPosition": null,
  "StarType": "O",
  "Depletable": false,
  "UseSystemRoninHiringChance": false,
  "RoninHiringChance": 0,
  "UseMaxContractOverride": false,
  "MaxContractOverride": 0,
  "SystemShopItems": [
    "itemCollection_major_TaurianConcordat",
    "itemCollection_shop_industrial",
    "itemCollection_shop_research"
  ],
  "FactionShopOwner": "TaurianConcordat",
  "FactionShopItems": [
    "itemCollection_faction_TaurianConcordat"
  ],
  "BlackMarketShopItems": null,
  "CoreSystemID": "starsystemdef_Anatolia(Pillory3130+)",
  "StartingSystemModes": [
    "KAMEA_CAMPAIGN",
    "CAREER",
    "NONE"
  ],
  "DefaultDifficulty": 5,
  "DifficultyList": [],
  "DifficultyModes": [],
  "ContractEmployers": [],
  "ContractTargets": [
    "Steiner",
    "Marik",
    "Kurita",
    "Davion",
    "Liao",
    "AuriganRestoration",
    "ComStar",
    "MagistracyOfCanopus",
    "TaurianConcordat",
    "Outworld",
    "Marian",
    "Oberon",
    "Lothian",
    "Circinus",
    "Illyrian",
    "Rasalhague",
    "Ives",
    "Axumite",
    "Castile",
    "Chainelane",
    "ClanBurrock",
    "ClanCloudCobra",
    "ClanCoyote",
    "ClanDiamondShark",
    "ClanFireMandrill",
    "ClanGhostBear",
    "ClanGoliathScorpion",
    "ClanHellsHorses",
    "ClanIceHellion",
    "ClanJadeFalcon",
    "ClanNovaCat",
    "ClansGeneric",
    "ClanSmokeJaguar",
    "ClanSnowRaven",
    "ClanStarAdder",
    "ClanSteelViper",
    "ClanWolf",
    "Delphi",
    "Elysia",
    "Hanse",
    "JarnFolk",
    "Tortuga",
    "Valkyrate",
    "NoFaction",
    "Locals",
    "AuriganDirectorate",
    "AuriganPirates"
  ]
}