{
  "Description": {
    "Id": "starsystemdef_Afarsin",
    "Name": "Afarsin",
    "Details": "“Yes that Afarsin! You may recognize our planet from the SLDF videos of Battlemechs playing volleyball! Come enjoy our beaches and you too could have fun in the sun!” -Excerpt from Afarsin’s tourism board. When not playing volleyball the locals farm",
    "Icon": ""
  },
  "Position": {
    "x": -216.314,
    "y": -369.872,
    "z": 0
  },
  "Tags": {
    "items": [
      "planet_name_afarsin",
      "planet_size_medium",
      "planet_climate_terran",
      "planet_feature_moon02",
      "planet_other_moon",
      "planet_pop_small",
      "planet_industry_recreation",
      "planet_industry_agriculture",
      "planet_other_starleague",
      "planet_other_blackmarket",
      "planet_faction_magistracyofcanopus"
    ],
    "tagSetSourceFile": ""
  },
  "SupportedBiomes": [
    "highlandsSpring",
    "highlandsFall",
    "lowlandsSpring",
    "lowlandsFall",
    "badlandsParched",
    "lowlandsCoastal",
    "jungleTropical"
  ],
  "MapRequiredTags": {
    "items": [],
    "tagSetSourceFile": ""
  },
  "MapExcludedTags": {
    "items": [],
    "tagSetSourceFile": ""
  },
  "FuelingStation": true,
  "JumpDistance": 18,
  "ownerID": "MagistracyOfCanopus",
  "ShopRefreshRate": 0,
  "ShopMaxInventory": 0,
  "ShopMaxSpecials": 9,
  "SystemInfluence": [
    {
      "factionID": "NoFaction",
      "Influence": 0
    },
    {
      "factionID": "Davion",
      "Influence": 0
    },
    {
      "factionID": "Liao",
      "Influence": 0
    },
    {
      "factionID": "Kurita",
      "Influence": 0
    },
    {
      "factionID": "Marik",
      "Influence": 0
    },
    {
      "factionID": "Steiner",
      "Influence": 0
    },
    {
      "factionID": "TaurianConcordat",
      "Influence": 0
    },
    {
      "factionID": "MagistracyOfCanopus",
      "Influence": 0
    },
    {
      "factionID": "AuriganDirectorate",
      "Influence": 0
    },
    {
      "factionID": "AuriganRestoration",
      "Influence": 0
    },
    {
      "factionID": "ComStar",
      "Influence": 0
    },
    {
      "factionID": "MercenaryReviewBoard",
      "Influence": 0
    },
    {
      "factionID": "AuriganPirates",
      "Influence": 0
    },
    {
      "factionID": "AuriganMercenaries",
      "Influence": 0
    }
  ],
  "TravelRequirements": [
    {
      "Scope": "Company",
      "RequirementTags": {
        "items": [
          "map_travel_2a"
        ],
        "tagSetSourceFile": ""
      },
      "ExclusionTags": {
        "items": [],
        "tagSetSourceFile": ""
      },
      "RequirementComparisons": []
    }
  ],
  "StarPosition": null,
  "StarType": "G",
  "Depletable": false,
  "UseSystemRoninHiringChance": false,
  "RoninHiringChance": 0,
  "UseMaxContractOverride": false,
  "MaxContractOverride": 0,
  "SystemShopItems": [
    "itemCollection_major_TaurianConcordat",
    "itemCollection_shop_chemicalsProgression",
    "itemCollection_shop_miningProgression"
  ],
  "factionShopOwnerID": "MagistracyOfCanopus",
  "FactionShopItems": [
    "itemCollection_faction_TaurianConcordat"
  ],
  "BlackMarketShopItems": null,
  "CoreSystemID": "starsystemdef_Afarsin",
  "StartingSystemModes": [
    "KAMEA_CAMPAIGN",
    "CAREER",
    "NONE"
  ],
  "DefaultDifficulty": 2,
  "DifficultyList": [],
  "DifficultyModes": [],
  "contractEmployerIDs": [
    "MagistracyOfCanopus",
    "Locals"
  ],
  "contractTargetIDs": [
    "Steiner",
    "Marik",
    "Kurita",
    "Davion",
    "Liao",
    "AuriganRestoration",
    "ComStar",
    "TaurianConcordat",
    "Outworld",
    "Marian",
    "Oberon",
    "Lothian",
    "Circinus",
    "Illyrian",
    "Rasalhague",
    "Ives",
    "Axumite",
    "Castile",
    "Chainelane",
    "ClanBurrock",
    "ClanCloudCobra",
    "ClanCoyote",
    "ClanDiamondShark",
    "ClanFireMandrill",
    "ClanGhostBear",
    "ClanGoliathScorpion",
    "ClanHellsHorses",
    "ClanIceHellion",
    "ClanJadeFalcon",
    "ClanNovaCat",
    "ClansGeneric",
    "ClanSmokeJaguar",
    "ClanSnowRaven",
    "ClanStarAdder",
    "ClanSteelViper",
    "ClanWolf",
    "Delphi",
    "Elysia",
    "Hanse",
    "JarnFolk",
    "Tortuga",
    "Valkyrate",
    "NoFaction",
    "Locals",
    "AuriganDirectorate",
    "AuriganPirates",
    "WordOfBlake"
  ]
}