{
  "Description": {
    "Id": "starsystemdef_Baranda",
    "Name": "Baranda",
    "Details": "The Baranda system is located in the June Operational Area of the Periphery March of the Federated Suns. The Baranda system was colonized during the Star League era at some point after the end of the Reunification War.",
    "Icon": ""
  },
  "Position": {
    "x": 449.246,
    "y": -259.031,
    "z": 0
  },
  "Tags": {
    "items": [
      "planet_name_baranda",
      "planet_size_medium",
      "planet_climate_tropical",
      "planet_other_megaforest",
      "planet_other_fungus",
      "planet_other_stonedcaribou",
      "planet_other_storms",
      "planet_feature_gasgiant",
      "planet_feature_rings",
      "planet_feature_moon02",
      "planet_other_moon",
      "planet_pop_small",
      "planet_civ_innersphere",
      "planet_industry_agriculture",
      "planet_industry_manufacturing",
      "planet_other_blackmarket",
      "planet_other_pirate",
      "planet_faction_davion"
    ],
    "tagSetSourceFile": ""
  },
  "SupportedBiomes": [
    "jungleTropical"
  ],
  "MapRequiredTags": {
    "items": [],
    "tagSetSourceFile": ""
  },
  "MapExcludedTags": {
    "items": [],
    "tagSetSourceFile": ""
  },
  "FuelingStation": false,
  "JumpDistance": 4,
  "Owner": "Davion",
  "ShopRefreshRate": 0,
  "ShopMaxInventory": 0,
  "ShopMaxSpecials": 9,
  "SystemInfluence": [
    {
      "Faction": "NoFaction",
      "Influence": 0
    },
    {
      "Faction": "Davion",
      "Influence": 0
    },
    {
      "Faction": "Liao",
      "Influence": 0
    },
    {
      "Faction": "Kurita",
      "Influence": 0
    },
    {
      "Faction": "Marik",
      "Influence": 0
    },
    {
      "Faction": "Steiner",
      "Influence": 0
    },
    {
      "Faction": "TaurianConcordat",
      "Influence": 0
    },
    {
      "Faction": "MagistracyOfCanopus",
      "Influence": 0
    },
    {
      "Faction": "AuriganDirectorate",
      "Influence": 0
    },
    {
      "Faction": "AuriganRestoration",
      "Influence": 0
    },
    {
      "Faction": "ComStar",
      "Influence": 0
    },
    {
      "Faction": "MercenaryReviewBoard",
      "Influence": 0
    },
    {
      "Faction": "AuriganPirates",
      "Influence": 0
    },
    {
      "Faction": "AuriganMercenaries",
      "Influence": 0
    }
  ],
  "TravelRequirements": [
    {
      "Scope": "Company",
      "RequirementTags": {
        "items": [
          "map_travel_2a"
        ],
        "tagSetSourceFile": ""
      },
      "ExclusionTags": {
        "items": [],
        "tagSetSourceFile": ""
      },
      "RequirementComparisons": []
    }
  ],
  "StarPosition": null,
  "StarType": "K",
  "Depletable": false,
  "UseSystemRoninHiringChance": false,
  "RoninHiringChance": 0,
  "UseMaxContractOverride": false,
  "MaxContractOverride": 0,
  "SystemShopItems": [
    "itemCollection_major_TaurianConcordat",
    "itemCollection_shop_industrial",
    "itemCollection_shop_research"
  ],
  "FactionShopOwner": "TaurianConcordat",
  "FactionShopItems": [
    "itemCollection_faction_TaurianConcordat"
  ],
  "BlackMarketShopItems": null,
  "CoreSystemID": "starsystemdef_Baranda",
  "StartingSystemModes": [
    "KAMEA_CAMPAIGN",
    "CAREER",
    "NONE"
  ],
  "DefaultDifficulty": 4,
  "DifficultyList": [],
  "DifficultyModes": [],
  "ContractEmployers": [
    "Davion",
    "Locals"
  ],
  "ContractTargets": [
    "Steiner",
    "Marik",
    "Kurita",
    "Liao",
    "AuriganRestoration",
    "ComStar",
    "MagistracyOfCanopus",
    "TaurianConcordat",
    "Outworld",
    "Marian",
    "Oberon",
    "Lothian",
    "Circinus",
    "Illyrian",
    "Rasalhague",
    "Ives",
    "Axumite",
    "Castile",
    "Chainelane",
    "ClanBurrock",
    "ClanCloudCobra",
    "ClanCoyote",
    "ClanDiamondShark",
    "ClanFireMandrill",
    "ClanGhostBear",
    "ClanGoliathScorpion",
    "ClanHellsHorses",
    "ClanIceHellion",
    "ClanJadeFalcon",
    "ClanNovaCat",
    "ClansGeneric",
    "ClanSmokeJaguar",
    "ClanSnowRaven",
    "ClanStarAdder",
    "ClanSteelViper",
    "ClanWolf",
    "Delphi",
    "Elysia",
    "Hanse",
    "JarnFolk",
    "Tortuga",
    "Valkyrate",
    "NoFaction",
    "Locals",
    "AuriganDirectorate",
    "AuriganPirates"
  ]
}