{
  "Description": {
    "Id": "starsystemdef_Artru",
    "Name": "Artru",
    "Details": "Artru is a barren, icy rock with almost nothing of value; a token staff keeps the massive industrial mining equipment running. It's a major travel link to Hellespont, however, and Hellespont is the headquarters of the rimward branch of the ComStar Explorer Corps.",
    "Icon": ""
  },
  "Position": {
    "x": 166,
    "y": -469.81,
    "z": 0
  },
  "Tags": {
    "items": [
      "planet_size_small",
      "planet_climate_ice",
      "planet_pop_small",
      "planet_civ_periphery",
      "planet_progress_3",
      "planet_other_comstar",
      "planet_name_artru",
      "planet_other_starleague",
      "planet_faction_restoration"
    ],
    "tagSetSourceFile": ""
  },
  "SupportedBiomes": [
    "polarFrozen"
  ],
  "MapRequiredTags": {
    "items": [],
    "tagSetSourceFile": ""
  },
  "MapExcludedTags": {
    "items": [],
    "tagSetSourceFile": ""
  },
  "FuelingStation": false,
  "JumpDistance": 8,
  "ownerID": "AuriganRestoration",
  "ShopRefreshRate": 0,
  "ShopMaxInventory": 0,
  "ShopMaxSpecials": 5,
  "SystemInfluence": [
    {
      "factionID": "NoFaction",
      "Influence": 0
    },
    {
      "factionID": "Davion",
      "Influence": 0
    },
    {
      "factionID": "Liao",
      "Influence": 0
    },
    {
      "factionID": "Kurita",
      "Influence": 0
    },
    {
      "factionID": "Marik",
      "Influence": 0
    },
    {
      "factionID": "Steiner",
      "Influence": 0
    },
    {
      "factionID": "TaurianConcordat",
      "Influence": 0
    },
    {
      "factionID": "MagistracyOfCanopus",
      "Influence": 0
    },
    {
      "factionID": "AuriganDirectorate",
      "Influence": 0
    },
    {
      "factionID": "AuriganRestoration",
      "Influence": 0
    },
    {
      "factionID": "ComStar",
      "Influence": 0
    },
    {
      "factionID": "MercenaryReviewBoard",
      "Influence": 0
    },
    {
      "factionID": "AuriganPirates",
      "Influence": 0
    },
    {
      "factionID": "AuriganMercenaries",
      "Influence": 0
    }
  ],
  "TravelRequirements": [
    {
      "Scope": "Company",
      "RequirementTags": {
        "items": [
          "map_travel_3"
        ],
        "tagSetSourceFile": ""
      },
      "ExclusionTags": {
        "items": [],
        "tagSetSourceFile": ""
      },
      "RequirementComparisons": []
    }
  ],
  "StarPosition": null,
  "StarType": "K",
  "Depletable": false,
  "UseSystemRoninHiringChance": false,
  "RoninHiringChance": 0,
  "UseMaxContractOverride": false,
  "MaxContractOverride": 0,
  "SystemShopItems": [
    "itemCollection_minor_AuriganDirectorate",
    "itemCollection_shop_starleague"
  ],
  "factionShopOwnerID": "INVALID_UNSET",
  "FactionShopItems": null,
  "BlackMarketShopItems": null,
  "CoreSystemID": "starsystemdef_Artru",
  "StartingSystemModes": [
    "KAMEA_CAMPAIGN"
  ],
  "DefaultDifficulty": 0,
  "DifficultyList": [
    0,
    7
  ],
  "DifficultyModes": [
    "KAMEA_CAMPAIGN",
    "CAREER"
  ],
  "contractEmployerIDs": [
    "TaurianConcordat",
    "ComStar"
  ],
  "contractTargetIDs": [
    "AuriganPirates",
    "TaurianConcordat",
    "AuriganDirectorate"
  ]
}